id,name
1,Bartoletti-Hermiston
2,Lowe and Sons
3,Lowe-Gleichner
4,Dibbert LLC
5,VonRueden-Schulist
6,"Hand, Kulas and Langworth"
7,"Champlin, Cole and Koelpin"
8,"Douglas, Mosciski and Berge"
9,Hayes and Sons
10,Nader Group
11,Harber-Labadie
12,"Bayer, Waelchi and Kozey"
13,Dickinson Group
14,"Runte, Moen and Lakin"
15,Becker Inc
16,Grimes-Oberbrunner
17,Schultz Group
18,Zemlak-Klein
19,Bogan-Lynch
20,"Ward, Walsh and Herman"
21,White-Lesch
22,Upton Inc
23,Pollich-Jaskolski
24,O'Reilly-Walsh
25,"Gleason, O'Conner and Hammes"
26,"Hegmann, Okuneva and Schmidt"
27,Nikolaus-Sauer
28,Gleichner LLC
29,Russel LLC
30,Gibson-Stanton
31,"Bergstrom, Harvey and Cartwright"
32,Monahan Group
33,Donnelly Group
34,Strosin LLC
35,Weissnat Inc
36,King-Hilpert
37,"Oberbrunner, Pagac and Torp"
38,O'Connell-Runolfsdottir
39,Jacobs-Hane
40,Stamm-Prosacco
41,"Pfeffer, Hegmann and Turcotte"
42,Flatley Inc
43,Walker Group
44,Zemlak LLC
45,Veum-Strosin
46,Batz Group
47,"Flatley, O'Kon and Stokes"
48,Goldner and Sons
49,Walter-Kunde
50,"Jacobson, Schulist and Mraz"
51,Bosco-Schmidt
52,Kertzmann Inc
53,"Hodkiewicz, Cronin and Bins"
54,Welch-Bauch
55,"Watsica, Pacocha and Green"
56,Rempel-Parisian
57,Haag Inc
58,Deckow-Kertzmann
59,Roberts-Murphy
60,Little and Sons
61,Corwin-Satterfield
62,MacGyver-Jacobson
63,Wilderman-Bergnaum
64,Turcotte-Baumbach
65,Lynch LLC
66,"Flatley, Conn and Powlowski"
67,"Jast, Barrows and Cole"
68,Prohaska-Nicolas
69,Schaefer-Kunze
70,Daniel Inc
71,"Lueilwitz, Erdman and Metz"
72,"Batz, McDermott and Weissnat"
73,Hackett LLC
74,Ebert-Rice
75,Borer LLC
76,"Powlowski, Russel and Gutkowski"
77,Keebler-Mills
78,Tromp-Prohaska
79,Bernier-Klocko
80,"Purdy, Hettinger and Feest"
81,Keebler-Wilderman
82,Koss-Dare
83,Donnelly Inc
84,"Schuppe, Predovic and Jerde"
85,Bednar-Blanda
86,Paucek and Sons
87,Nolan and Sons
88,"Ruecker, Stokes and Konopelski"
89,Sporer Group
90,Jerde LLC
91,Vandervort-Skiles
92,"Muller, Heller and Luettgen"
93,Bashirian-Bartoletti
94,"Hyatt, Conroy and Monahan"
95,"Ward, Paucek and Bogisich"
96,"Harris, Wolff and Howell"
97,Douglas-Casper
98,Sipes-Bergstrom
99,Lang and Sons
100,Franecki-Schuppe
101,Becker LLC
102,Hessel Inc
103,"Dibbert, Bahringer and Lowe"
104,Kautzer Inc
105,"Wintheiser, McLaughlin and Jacobi"
106,Leannon-Bergstrom
107,"Beier, Mueller and Weissnat"
108,Bogan Inc
109,Corwin Group
110,Zemlak Inc
111,Deckow-Carter
112,Graham LLC
113,"Swaniawski, Rice and Schimmel"
114,"Walker, Gerhold and Hills"
115,Haley and Sons
116,Lindgren Group
117,Fritsch Group
118,Schamberger-Beahan
119,Wuckert-Johns
120,"Parisian, McDermott and Ruecker"
121,Kunze-Mann
122,"Hyatt, Mayer and Hagenes"
123,Quitzon-Legros
124,Kuphal Group
125,Weimann-Lebsack
126,Bogisich Inc
127,"Russel, Mante and Morar"
128,"Kreiger, Franecki and Hickle"
129,"Runolfsdottir, Littel and Jerde"
130,Stoltenberg and Sons
131,"Torp, Treutel and Bradtke"
132,Sipes and Sons
133,"Stracke, Schulist and Yundt"
134,"Parisian, Abernathy and Hauck"
135,"Spencer, Von and Cole"
136,Bartell LLC
137,"Ullrich, Doyle and Wisozk"
138,"Bergstrom, Kub and Schaefer"
139,"Beer, VonRueden and O'Connell"
140,Treutel and Sons
141,Sanford and Sons
142,Mante-Gerhold
143,Zemlak and Sons
144,Heathcote-Feeney
145,O'Hara-Rohan
146,"Franecki, Beahan and Corwin"
147,Schmidt-Kub
148,"Grant, Gusikowski and McClure"
149,"Larkin, Mueller and Brekke"
150,Block Group