"id","name","size"
1,"Bartoletti-Hermiston",1
2,"Lowe and Sons",7
3,"Lowe-Gleichner",9
4,"Dibbert LLC",6
5,"VonRueden-Schulist",9
6,"Hand, Kulas and Langworth",8
7,"Champlin, Cole and Koelpin",1
8,"Douglas, Mosciski and Berge",10
9,"Hayes and Sons",5
10,"Nader Group",5
11,"Harber-Labadie",10
12,"Bayer, Waelchi and Kozey",6
13,"Dickinson Group",8
14,"Runte, Moen and Lakin",1
15,"Becker Inc",9
16,"Grimes-Oberbrunner",7
17,"Schultz Group",7
18,"Zemlak-Klein",3
19,"Bogan-Lynch",2
20,"Ward, Walsh and Herman",8
21,"White-Lesch",3
22,"Upton Inc",9
23,"Pollich-Jaskolski",1
24,"O'Reilly-Walsh",8
25,"Gleason, O'Conner and Hammes",3
26,"Hegmann, Okuneva and Schmidt",8
27,"Nikolaus-Sauer",9
28,"Gleichner LLC",6
29,"Russel LLC",2
30,"Gibson-Stanton",8
31,"Bergstrom, Harvey and Cartwright",8
32,"Monahan Group",5
33,"Donnelly Group",10
34,"Strosin LLC",1
35,"Weissnat Inc",7
36,"King-Hilpert",5
37,"Oberbrunner, Pagac and Torp",1
38,"O'Connell-Runolfsdottir",5
39,"Jacobs-Hane",9
40,"Stamm-Prosacco",7
41,"Pfeffer, Hegmann and Turcotte",7
42,"Flatley Inc",3
43,"Walker Group",10
44,"Zemlak LLC",10
45,"Veum-Strosin",3
46,"Batz Group",1
47,"Flatley, O'Kon and Stokes",2
48,"Goldner and Sons",1
49,"Walter-Kunde",3
50,"Jacobson, Schulist and Mraz",6
51,"Bosco-Schmidt",3
52,"Kertzmann Inc",3
53,"Hodkiewicz, Cronin and Bins",4
54,"Welch-Bauch",1
55,"Watsica, Pacocha and Green",4
56,"Rempel-Parisian",7
57,"Haag Inc",1
58,"Deckow-Kertzmann",5
59,"Roberts-Murphy",8
60,"Little and Sons",8
61,"Corwin-Satterfield",7
62,"MacGyver-Jacobson",1
63,"Wilderman-Bergnaum",3
64,"Turcotte-Baumbach",8
65,"Lynch LLC",6
66,"Flatley, Conn and Powlowski",9
67,"Jast, Barrows and Cole",5
68,"Prohaska-Nicolas",4
69,"Schaefer-Kunze",10
70,"Daniel Inc",3
71,"Lueilwitz, Erdman and Metz",9
72,"Batz, McDermott and Weissnat",8
73,"Hackett LLC",7
74,"Ebert-Rice",8
75,"Borer LLC",3
76,"Powlowski, Russel and Gutkowski",8
77,"Keebler-Mills",1
78,"Tromp-Prohaska",8
79,"Bernier-Klocko",6
80,"Purdy, Hettinger and Feest",7
81,"Keebler-Wilderman",2
82,"Koss-Dare",1
83,"Donnelly Inc",4
84,"Schuppe, Predovic and Jerde",10
85,"Bednar-Blanda",6
86,"Paucek and Sons",2
87,"Nolan and Sons",9
88,"Ruecker, Stokes and Konopelski",10
89,"Sporer Group",10
90,"Jerde LLC",7
91,"Vandervort-Skiles",1
92,"Muller, Heller and Luettgen",6
93,"Bashirian-Bartoletti",1
94,"Hyatt, Conroy and Monahan",5
95,"Ward, Paucek and Bogisich",8
96,"Harris, Wolff and Howell",6
97,"Douglas-Casper",6
98,"Sipes-Bergstrom",9
99,"Lang and Sons",9
100,"Franecki-Schuppe",1
101,"Becker LLC",4
102,"Hessel Inc",5
103,"Dibbert, Bahringer and Lowe",7
104,"Kautzer Inc",6
105,"Wintheiser, McLaughlin and Jacobi",1
106,"Leannon-Bergstrom",9
107,"Beier, Mueller and Weissnat",5
108,"Bogan Inc",8
109,"Corwin Group",7
110,"Zemlak Inc",6
111,"Deckow-Carter",3
112,"Graham LLC",4
113,"Swaniawski, Rice and Schimmel",5
114,"Walker, Gerhold and Hills",4
115,"Haley and Sons",9
116,"Lindgren Group",1
117,"Fritsch Group",9
118,"Schamberger-Beahan",8
119,"Wuckert-Johns",2
120,"Parisian, McDermott and Ruecker",4
121,"Kunze-Mann",2
122,"Hyatt, Mayer and Hagenes",8
123,"Quitzon-Legros",2
124,"Kuphal Group",2
125,"Weimann-Lebsack",4
126,"Bogisich Inc",2
127,"Russel, Mante and Morar",4
128,"Kreiger, Franecki and Hickle",3
129,"Runolfsdottir, Littel and Jerde",2
130,"Stoltenberg and Sons",8
131,"Torp, Treutel and Bradtke",6
132,"Sipes and Sons",9
133,"Stracke, Schulist and Yundt",9
134,"Parisian, Abernathy and Hauck",5
135,"Spencer, Von and Cole",5
136,"Bartell LLC",9
137,"Ullrich, Doyle and Wisozk",6
138,"Bergstrom, Kub and Schaefer",1
139,"Beer, VonRueden and O'Connell",5
140,"Treutel and Sons",2
141,"Sanford and Sons",6
142,"Mante-Gerhold",4
143,"Zemlak and Sons",2
144,"Heathcote-Feeney",6
145,"O'Hara-Rohan",4
146,"Franecki, Beahan and Corwin",6
147,"Schmidt-Kub",1
148,"Grant, Gusikowski and McClure",5
149,"Larkin, Mueller and Brekke",6
150,"Block Group",10
