name,degree
Goldner and Sons,48.0
Borer LLC,40.0
"Flatley, Conn and Powlowski",38.0
Pollich-Jaskolski,37.0
Hackett LLC,37.0
"Oberbrunner, Pagac and Torp",36.0
"Wintheiser, McLaughlin and Jacobi",35.0
Heathcote-Feeney,35.0
Daniel Inc,35.0
Walker Group,34.0
Becker Inc,34.0
O'Connell-Runolfsdottir,33.0
"Muller, Heller and Luettgen",33.0
Kertzmann Inc,33.0
Koss-Dare,32.0
"Purdy, Hettinger and Feest",31.0
Grimes-Oberbrunner,31.0
Upton Inc,30.0
Leannon-Bergstrom,30.0
"Hyatt, Conroy and Monahan",30.0
Dibbert LLC,30.0
Bogisich Inc,30.0
Stoltenberg and Sons,29.0
Sporer Group,29.0
Lowe and Sons,29.0
Zemlak-Klein,28.0
Roberts-Murphy,28.0
"Parisian, McDermott and Ruecker",28.0
Keebler-Mills,28.0
Ebert-Rice,28.0
"Bergstrom, Kub and Schaefer",28.0
Becker LLC,28.0
Quitzon-Legros,27.0
Monahan Group,27.0
MacGyver-Jacobson,27.0
Bogan-Lynch,27.0
Vandervort-Skiles,26.0
"Schuppe, Predovic and Jerde",26.0
"Powlowski, Russel and Gutkowski",26.0
Deckow-Kertzmann,26.0
"Walker, Gerhold and Hills",25.0
Strosin LLC,25.0
"Stracke, Schulist and Yundt",25.0
Sanford and Sons,25.0
"Pfeffer, Hegmann and Turcotte",25.0
Dickinson Group,25.0
Welch-Bauch,24.0
"Jast, Barrows and Cole",24.0
Bogan Inc,24.0
Bernier-Klocko,24.0
Batz Group,24.0
Bartoletti-Hermiston,24.0
"Ward, Paucek and Bogisich",23.0
"Hyatt, Mayer and Hagenes",23.0
Harber-Labadie,23.0
Haag Inc,23.0
Gleichner LLC,23.0
"Douglas, Mosciski and Berge",23.0
Kunze-Mann,22.0
Jerde LLC,22.0
Haley and Sons,22.0
Treutel and Sons,21.0
"Torp, Treutel and Bradtke",21.0
Sipes-Bergstrom,21.0
Russel LLC,21.0
Rempel-Parisian,21.0
Hessel Inc,21.0
"Franecki, Beahan and Corwin",21.0
Douglas-Casper,21.0
"Ward, Walsh and Herman",20.0
Veum-Strosin,20.0
"Russel, Mante and Morar",20.0
"Runolfsdottir, Littel and Jerde",20.0
Lindgren Group,20.0
"Hand, Kulas and Langworth",20.0
"Flatley, O'Kon and Stokes",20.0
Donnelly Group,20.0
Zemlak Inc,19.0
Wilderman-Bergnaum,19.0
Stamm-Prosacco,19.0
Nolan and Sons,19.0
Zemlak LLC,18.0
Weimann-Lebsack,18.0
VonRueden-Schulist,18.0
"Swaniawski, Rice and Schimmel",18.0
O'Reilly-Walsh,18.0
Little and Sons,18.0
King-Hilpert,18.0
Graham LLC,18.0
"Gleason, O'Conner and Hammes",18.0
Turcotte-Baumbach,17.0
Lang and Sons,17.0
Hayes and Sons,17.0
Franecki-Schuppe,17.0
Flatley Inc,17.0
Corwin Group,17.0
Bosco-Schmidt,17.0
Schamberger-Beahan,16.0
"Runte, Moen and Lakin",16.0
"Parisian, Abernathy and Hauck",16.0
Mante-Gerhold,16.0
Donnelly Inc,16.0
"Beer, VonRueden and O'Connell",16.0
White-Lesch,15.0
Weissnat Inc,15.0
"Spencer, Von and Cole",15.0
Prohaska-Nicolas,15.0
"Lueilwitz, Erdman and Metz",15.0
"Grant, Gusikowski and McClure",15.0
"Dibbert, Bahringer and Lowe",15.0
"Beier, Mueller and Weissnat",15.0
Bashirian-Bartoletti,15.0
Wuckert-Johns,14.0
"Ullrich, Doyle and Wisozk",14.0
Schultz Group,14.0
O'Hara-Rohan,14.0
Nikolaus-Sauer,14.0
Lowe-Gleichner,14.0
"Jacobson, Schulist and Mraz",14.0
"Harris, Wolff and Howell",14.0
Bednar-Blanda,14.0
"Watsica, Pacocha and Green",13.0
Sipes and Sons,13.0
Schaefer-Kunze,13.0
Deckow-Carter,13.0
Jacobs-Hane,12.0
Fritsch Group,12.0
"Champlin, Cole and Koelpin",12.0
Schmidt-Kub,11.0
"Ruecker, Stokes and Konopelski",10.0
Paucek and Sons,10.0
Kautzer Inc,10.0
Gibson-Stanton,10.0
Corwin-Satterfield,10.0
"Batz, McDermott and Weissnat",10.0
Zemlak and Sons,8.0
"Hodkiewicz, Cronin and Bins",8.0
"Bergstrom, Harvey and Cartwright",8.0
Tromp-Prohaska,7.0
Walter-Kunde,6.0
Reichel,6.0
Nader Group,6.0
Keebler-Wilderman,6.0
Dare Group,6.0
Ryan and Sons,5.0
"Larkin, Mueller and Brekke",5.0
"Hegmann, Okuneva and Schmidt",5.0
"Bayer, Waelchi and Kozey",5.0
Sauer LLC,4.0
Lynch LLC,4.0
Hodkiewicz-Spinka,4.0
Heaney,4.0
Davis-Schultz,4.0
Bode-Kessler,4.0
Bartell LLC,4.0
Wiegand,3.0
Sanford,3.0
Reilly-Hoppe,3.0
Rau Group,3.0
Rath and Sons,3.0
Ortiz-Marks,3.0
Olson-Hermiston,3.0
Moore-Wintheiser,3.0
Marvin and Sons,3.0
Leffler,3.0
Langosh-Haley,3.0
Kuphal Group,3.0
Johnston-Tremblay,3.0
Gerlach,3.0
Bednar-Goyette,3.0
Ankunding,3.0
Abbott Inc,3.0
Yost Inc,2.0
Willms,2.0
Wilderman,2.0
White,2.0
Welch and Sons,2.0
Watsica LLC,2.0
Tromp,2.0
Torphy-Nitzsche,2.0
Thompson,2.0
Simonis Inc,2.0
Senger-Abbott,2.0
Schamberger,2.0
Schaden-Maggio,2.0
Rowe LLC,2.0
Robel,2.0
Reynolds,2.0
Reinger-Boehm,2.0
Rau Inc,2.0
Quitzon,2.0
Price-Romaguera,2.0
Powlowski-Rath,2.0
Powlowski,2.0
Pagac-O'Reilly,2.0
Orn,2.0
Okuneva-Lindgren,2.0
Mueller-Pacocha,2.0
Mertz-Jaskolski,2.0
McDermott Group,2.0
Lowe Inc,2.0
Lockman-Marquardt,2.0
Langosh-Roberts,2.0
"Kreiger, Franecki and Hickle",2.0
Koss Group,2.0
Klocko,2.0
Klein Inc,2.0
Kihn,2.0
Johnson Group,2.0
Jacobs-Wolff,2.0
Hauck,2.0
Harris,2.0
Haag-Friesen,2.0
Gulgowski,2.0
Grimes-Batz,2.0
Glover-Koch,2.0
Friesen-Metz,2.0
Franecki Inc,2.0
Feil,2.0
Emard LLC,2.0
Donnelly-Collins,2.0
Donnelly,2.0
Conroy-Mueller,2.0
Conn,2.0
Christiansen-Toy,2.0
Bogan-Ebert,2.0
Blick,2.0
Blanda and Sons,2.0
Beier,2.0
Bednar,2.0
Batz-Kuhlman,2.0
Zulauf-Robel,1.0
Wuckert LLC,1.0
Wisoky Group,1.0
Willms-Cummerata,1.0
Wilderman,1.0
Welch-King,1.0
Weimann,1.0
Watsica-Kihn,1.0
Walter Group,1.0
Walsh,1.0
VonRueden-Rohan,1.0
Upton,1.0
Turner LLC,1.0
Tromp-Will,1.0
Thiel,1.0
Strosin,1.0
Stracke-Ferry,1.0
Stokes-Hodkiewicz,1.0
Stanton and Sons,1.0
Sporer-Marvin,1.0
Sporer,1.0
Smitham Group,1.0
Skiles LLC,1.0
Sipes-Senger,1.0
Sipes LLC,1.0
Senger,1.0
Schuster-Leffler,1.0
Schumm-DuBuque,1.0
Schulist-Sauer,1.0
Schaefer Group,1.0
Sawayn-Heaney,1.0
Reynolds-Skiles,1.0
Pouros-Grimes,1.0
Pollich Group,1.0
Pollich,1.0
Pfannerstill-Kerluke,1.0
Paucek-Koepp,1.0
Parisian,1.0
Pagac,1.0
Padberg,1.0
Pacocha Group,1.0
Okuneva Inc,1.0
O'Conner-Hickle,1.0
Murray and Sons,1.0
Murphy,1.0
Mraz-McCullough,1.0
Moore-Vandervort,1.0
Monahan and Sons,1.0
Moen-Wyman,1.0
Mitchell-Bruen,1.0
Mitchell,1.0
McCullough,1.0
Mann-Mueller,1.0
Maggio,1.0
Lockman Group,1.0
Littel,1.0
Lindgren LLC,1.0
Ledner Inc,1.0
Lebsack,1.0
Langworth,1.0
Kub-McLaughlin,1.0
Kris-Ondricka,1.0
Kozey and Sons,1.0
Konopelski-Littel,1.0
Koelpin,1.0
Koch LLC,1.0
Klocko and Sons,1.0
Jerde LLC,1.0
Jaskolski,1.0
Jacobson-Moore,1.0
Homenick,1.0
Herzog,1.0
Herzog,1.0
Hermiston,1.0
Herman,1.0
Hegmann-Medhurst,1.0
Heathcote-Becker,1.0
Hartmann LLC,1.0
Hartmann Inc,1.0
Hartmann Inc,1.0
Hamill-Ortiz,1.0
Grimes Inc,1.0
Greenholt-McGlynn,1.0
Graham-Pouros,1.0
Fritsch,1.0
Franecki Inc,1.0
Franecki,1.0
Fadel and Sons,1.0
Fadel,1.0
Ernser-Trantow,1.0
Erdman,1.0
Dicki,1.0
Dicki,1.0
Davis,1.0
D'Amore-Glover,1.0
Cruickshank LLC,1.0
Cremin,1.0
Corwin and Sons,1.0
Corwin Group,1.0
Collier-Wiza,1.0
Champlin,1.0
Bruen-Howell,1.0
Berge-Waters,1.0
Bashirian Inc,1.0
Barton and Sons,1.0
Balistreri-Predovic,1.0
Aufderhar,1.0
Auer,1.0
Auer,1.0
Ankunding,1.0
Ziemann-West,0.0
Ziemann-Kohler,0.0
Ziemann,0.0
Zemlak-Ruecker,0.0
Zboncak Group,0.0
Zboncak,0.0
Yundt-White,0.0
Yost-O'Conner,0.0
Yost-Hamill,0.0
Yost-Bogan,0.0
Wyman-Huels,0.0
Wunsch-Purdy,0.0
Wunsch,0.0
Wuckert-Ritchie,0.0
Wolff-Monahan,0.0
Wolff-Gutmann,0.0
Wolff Inc,0.0
Wolf and Sons,0.0
Wiza,0.0
Wisozk-Jenkins,0.0
Wisozk Group,0.0
Wisoky-Champlin,0.0
Wisoky Group,0.0
Wisoky,0.0
Wisoky,0.0
Wisoky,0.0
Wisoky,0.0
Wintheiser-Koch,0.0
Windler-Hirthe,0.0
Windler-Crist,0.0
Williamson-Kovacek,0.0
Williamson-Ferry,0.0
Williamson-Feeney,0.0
Williamson and Sons,0.0
Will-Koss,0.0
Will,0.0
Wilkinson and Sons,0.0
Wilderman-Von,0.0
Wilderman-Langosh,0.0
Wilderman,0.0
Wiegand-Wyman,0.0
Wiegand-Gutkowski,0.0
White-Morissette,0.0
White,0.0
White,0.0
White,0.0
West Inc,0.0
West Group,0.0
Welch and Sons,0.0
Weissnat and Sons,0.0
Weissnat Inc,0.0
Weimann-Kuhlman,0.0
Weimann Inc,0.0
Weimann,0.0
Weber LLC,0.0
Weber,0.0
Watsica,0.0
Waters,0.0
Ward-Armstrong,0.0
Ward,0.0
Ward,0.0
Walsh and Sons,0.0
Waelchi Group,0.0
Waelchi,0.0
Von-Farrell,0.0
Von LLC,0.0
Von Group,0.0
Von,0.0
Volkman Group,0.0
Veum Group,0.0
Vandervort-Hodkiewicz,0.0
Vandervort,0.0
Upton-King,0.0
Upton,0.0
Ullrich-Robel,0.0
Ullrich-Jones,0.0
Ullrich,0.0
Ullrich,0.0
Turcotte,0.0
Treutel and Sons,0.0
Treutel Group,0.0
Tremblay-Wilderman,0.0
Tremblay,0.0
Trantow-Moen,0.0
Trantow,0.0
Towne-Feest,0.0
Towne LLC,0.0
Towne Inc,0.0
Thompson-Rice,0.0
Thiel-Homenick,0.0
Terry LLC,0.0
Swift Inc,0.0
Swift Inc,0.0
Swaniawski-Hermann,0.0
Strosin-Walter,0.0
Strosin-Powlowski,0.0
Streich and Sons,0.0
Stoltenberg-Klocko,0.0
Stoltenberg-Graham,0.0
Stoltenberg LLC,0.0
Stiedemann and Sons,0.0
Stiedemann Inc,0.0
Stiedemann,0.0
Stehr-Bogan,0.0
Stehr Inc,0.0
Stark-Sporer,0.0
Stark Group,0.0
Stark,0.0
Stanton-Hilll,0.0
Stanton Group,0.0
Stanton,0.0
Stamm,0.0
Sporer-Weissnat,0.0
Spinka-Heidenreich,0.0
Spinka-Carroll,0.0
Spencer LLC,0.0
Spencer,0.0
Smitham-Jaskolski,0.0
Smitham and Sons,0.0
Smitham,0.0
Smitham,0.0
Smith-White,0.0
Smith Group,0.0
Smith,0.0
Skiles and Sons,0.0
Skiles,0.0
Sipes-Bogisich,0.0
Sipes,0.0
Simonis and Sons,0.0
Shields-Mann,0.0
Shanahan-Kulas,0.0
Shanahan,0.0
Senger and Sons,0.0
Senger LLC,0.0
Schuster,0.0
Schumm-Kautzer,0.0
Schumm,0.0
Schultz LLC,0.0
Schultz,0.0
Schulist-Parisian,0.0
Schulist-Fahey,0.0
Schroeder,0.0
Schroeder,0.0
Schoen-Schmitt,0.0
Schoen and Sons,0.0
Schoen,0.0
Schneider,0.0
Schmitt-DuBuque,0.0
Schmitt LLC,0.0
Schmitt LLC,0.0
Schmitt,0.0
Schmitt,0.0
Schmidt,0.0
Schinner-Fisher,0.0
Schinner-Bruen,0.0
Schimmel and Sons,0.0
Schimmel,0.0
Schimmel,0.0
Schiller Inc,0.0
Schamberger LLC,0.0
Schamberger,0.0
Schaefer and Sons,0.0
Schaefer,0.0
Schaefer,0.0
Schaden,0.0
Sawayn-Ward,0.0
Sawayn,0.0
Satterfield-Romaguera,0.0
Rutherford,0.0
Russel LLC,0.0
Russel,0.0
Runte-Hane,0.0
Runolfsson and Sons,0.0
Runolfsson,0.0
Runolfsdottir LLC,0.0
Runolfsdottir Group,0.0
Rowe Inc,0.0
Roob,0.0
Romaguera,0.0
Rolfson-Daniel,0.0
Rolfson LLC,0.0
Rolfson Inc,0.0
Rolfson Group,0.0
Rogahn,0.0
Rodriguez-DuBuque,0.0
Roberts-Trantow,0.0
Roberts-Metz,0.0
Robel-Cummings,0.0
Robel Inc,0.0
Ritchie-Bergnaum,0.0
Rippin-Feil,0.0
Rippin-Bins,0.0
Rempel-Christiansen,0.0
Rempel,0.0
Reinger-Rolfson,0.0
Reinger LLC,0.0
Reichert-Wunsch,0.0
Reichert-Marks,0.0
Reichert,0.0
Raynor LLC,0.0
Raynor Group,0.0
Ratke,0.0
Rath Inc,0.0
Quitzon-Hilpert,0.0
Quitzon Group,0.0
Quigley,0.0
Prosacco-Pfannerstill,0.0
Powlowski Inc,0.0
Powlowski,0.0
Pollich-Halvorson,0.0
Pfeffer-Zulauf,0.0
Pfannerstill and Sons,0.0
Pfannerstill,0.0
Parker-Parisian,0.0
Parisian,0.0
Padberg-Zieme,0.0
Ortiz,0.0
Orn LLC,0.0
Orn,0.0
Ondricka-Treutel,0.0
Ondricka Inc,0.0
Ondricka,0.0
Ondricka,0.0
Olson LLC,0.0
Okuneva Inc,0.0
Okuneva,0.0
Oberbrunner LLC,0.0
O'Reilly-Stanton,0.0
O'Reilly and Sons,0.0
O'Keefe Inc,0.0
O'Connell,0.0
Nolan,0.0
Nolan,0.0
Nitzsche-Kessler,0.0
Nitzsche,0.0
Nienow and Sons,0.0
Nienow,0.0
Murray-Watsica,0.0
Murphy-Stracke,0.0
Muller and Sons,0.0
Mueller and Sons,0.0
Mraz-Bernier,0.0
Mosciski-Ortiz,0.0
Mosciski LLC,0.0
Morissette Inc,0.0
Morissette Group,0.0
Morissette,0.0
Mohr,0.0
Moen Inc,0.0
Moen Group,0.0
Mitchell-Fahey,0.0
Mitchell,0.0
Mitchell,0.0
Mills-Jacobson,0.0
Miller,0.0
Metz-Kihn,0.0
Mertz LLC,0.0
Mertz,0.0
Mertz,0.0
McLaughlin-Kovacek,0.0
McLaughlin and Sons,0.0
McLaughlin,0.0
McKenzie-Murazik,0.0
McDermott-Steuber,0.0
McDermott,0.0
McDermott,0.0
McDermott,0.0
McCullough-Ferry,0.0
Mayert-Kohler,0.0
Mayert and Sons,0.0
Mayert Group,0.0
Marvin-Marquardt,0.0
Marquardt-Grady,0.0
Marquardt,0.0
Mante and Sons,0.0
Mann,0.0
Mann,0.0
MacGyver-Rath,0.0
MacGyver-Boehm,0.0
Lynch Inc,0.0
Lynch Group,0.0
Luettgen Inc,0.0
Lubowitz LLC,0.0
Lowe Group,0.0
Lowe,0.0
Lockman-Denesik,0.0
Lockman Inc,0.0
Lockman Inc,0.0
Little-Stoltenberg,0.0
Little-Cummings,0.0
Little LLC,0.0
Littel-Bode,0.0
Littel and Sons,0.0
Littel,0.0
Lindgren-Beer,0.0
Lind-VonRueden,0.0
Leuschke-Lind,0.0
Lehner,0.0
Legros,0.0
Leannon,0.0
Larson-Crooks,0.0
Larson Group,0.0
Larkin-Streich,0.0
Larkin LLC,0.0
Larkin,0.0
Larkin,0.0
Langworth,0.0
Langosh Group,0.0
Lang Inc,0.0
Lang Inc,0.0
Kuvalis Group,0.0
Kulas-Hermiston,0.0
Kulas Inc,0.0
Kulas,0.0
Kuhic LLC,0.0
Kub LLC,0.0
Kub Inc,0.0
Kshlerin and Sons,0.0
Kreiger-Wolf,0.0
Kreiger-Rutherford,0.0
Kreiger-Paucek,0.0
Kreiger-Cronin,0.0
Kreiger Inc,0.0
Kreiger,0.0
Krajcik Inc,0.0
Krajcik,0.0
Kozey-Zieme,0.0
Kozey,0.0
Kozey,0.0
Kovacek Group,0.0
Kovacek Group,0.0
Kovacek Group,0.0
Kovacek,0.0
Koss Inc,0.0
Koss,0.0
Koss,0.0
Konopelski-Doyle,0.0
Kohler-Lehner,0.0
Kohler-Durgan,0.0
Kohler,0.0
Koelpin-Lehner,0.0
Koelpin,0.0
Koch-Kutch,0.0
Koch,0.0
Klocko Inc,0.0
Klocko,0.0
Klocko,0.0
Klein-Torphy,0.0
Klein-Cassin,0.0
Klein Inc,0.0
Kirlin-Legros,0.0
Kirlin Inc,0.0
King-Fisher,0.0
Kilback-Lowe,0.0
Kihn Inc,0.0
Kiehn and Sons,0.0
Kiehn Inc,0.0
Kessler,0.0
Kertzmann LLC,0.0
Kertzmann Group,0.0
Kertzmann,0.0
Kemmer-Berge,0.0
Kemmer and Sons,0.0
Kemmer Group,0.0
Kemmer,0.0
Keebler-Feest,0.0
Keebler Group,0.0
Keebler,0.0
Kautzer and Sons,0.0
Kautzer Group,0.0
Kassulke and Sons,0.0
Kassulke,0.0
Kassulke,0.0
Jones Group,0.0
Johns LLC,0.0
Johns Group,0.0
Jerde,0.0
Jenkins-Lang,0.0
Jenkins and Sons,0.0
Jenkins,0.0
Jast-Oberbrunner,0.0
Jast-Dietrich,0.0
Jast Inc,0.0
Jast Inc,0.0
Jaskolski-Monahan,0.0
Jakubowski-Bruen,0.0
Jacobson-Koss,0.0
Jacobson LLC,0.0
Jacobson,0.0
Jacobs-Murray,0.0
Jacobs LLC,0.0
Jacobs,0.0
Jacobs,0.0
Jacobi Group,0.0
Hyatt and Sons,0.0
Hyatt,0.0
Huels Group,0.0
Huel and Sons,0.0
Huel,0.0
Hudson-Schoen,0.0
Hudson Inc,0.0
Howe LLC,0.0
Hoppe-Lesch,0.0
Hoppe Group,0.0
Homenick-Schaefer,0.0
Homenick LLC,0.0
Hoeger-Schumm,0.0
Hoeger-Lebsack,0.0
Hoeger Inc,0.0
Hintz-Durgan,0.0
Hintz,0.0
Hilpert Inc,0.0
Hilpert Inc,0.0
Hills-Dooley,0.0
Hills and Sons,0.0
Hilll LLC,0.0
Hilll LLC,0.0
Hessel,0.0
Herzog,0.0
Hermiston LLC,0.0
Hermann LLC,0.0
Hermann,0.0
Herman-Bins,0.0
Herman-Batz,0.0
Herman and Sons,0.0
Heller-Russel,0.0
Heidenreich Group,0.0
Heidenreich,0.0
Heaney-Jacobs,0.0
Hayes,0.0
Harvey,0.0
Hartmann-Bernhard,0.0
Harris,0.0
Harber,0.0
Hansen-Pouros,0.0
Hansen Inc,0.0
Hansen,0.0
Hane,0.0
Hand,0.0
Hammes-Koelpin,0.0
Hammes-Braun,0.0
Hammes and Sons,0.0
Hamill LLC,0.0
Hamill LLC,0.0
Hamill LLC,0.0
Hamill,0.0
Halvorson-Schimmel,0.0
Halvorson LLC,0.0
Halvorson,0.0
Haley-Prosacco,0.0
Haley-Hagenes,0.0
Hahn Group,0.0
Hagenes-Mertz,0.0
Hagenes-Beatty,0.0
Hackett,0.0
Haag-Doyle,0.0
Gutkowski-Towne,0.0
Gusikowski,0.0
Gusikowski,0.0
Gusikowski,0.0
Gulgowski,0.0
Greenholt-Hyatt,0.0
Greenholt LLC,0.0
Green,0.0
Grant LLC,0.0
Grant Inc,0.0
Grant,0.0
Goyette-Goyette,0.0
Goyette,0.0
Goyette,0.0
Gottlieb,0.0
Gorczany-Mills,0.0
Gorczany LLC,0.0
Gorczany LLC,0.0
Gorczany Inc,0.0
Gorczany,0.0
Glover,0.0
Glover,0.0
Gleason-Krajcik,0.0
Gislason and Sons,0.0
Gislason,0.0
Gibson and Sons,0.0
Gibson Inc,0.0
Gibson,0.0
Gerlach Group,0.0
Gerhold-Prosacco,0.0
Gerhold-Morissette,0.0
Gaylord,0.0
Funk LLC,0.0
Funk Group,0.0
Friesen-Jacobson,0.0
Friesen Group,0.0
Franecki,0.0
Flatley and Sons,0.0
Fisher-Gulgowski,0.0
Fisher Group,0.0
Fisher,0.0
Feil Inc,0.0
Feest-Wilderman,0.0
Feest and Sons,0.0
Fay-Hermann,0.0
Fahey Group,0.0
Fahey,0.0
Fadel and Sons,0.0
Fadel Group,0.0
Erdman and Sons,0.0
Emmerich-Willms,0.0
Emmerich and Sons,0.0
Emmerich,0.0
Emard-Beer,0.0
Emard and Sons,0.0
Emard LLC,0.0
Effertz-Nienow,0.0
Effertz-Bergstrom,0.0
Effertz,0.0
Ebert-Feeney,0.0
Ebert and Sons,0.0
Ebert LLC,0.0
Durgan-Padberg,0.0
Durgan Inc,0.0
DuBuque,0.0
Doyle-Sauer,0.0
Dooley,0.0
Donnelly,0.0
Dickinson-Volkman,0.0
Dickinson-Treutel,0.0
Dickinson,0.0
Dickinson,0.0
Dicki-Harris,0.0
Dickens,0.0
Dibbert-Runolfsson,0.0
Dibbert-Bernier,0.0
Dibbert,0.0
Denesik-Haley,0.0
Deckow,0.0
Deckow,0.0
Davis LLC,0.0
Davis,0.0
Daniel Inc,0.0
Dach-Hane,0.0
Dach,0.0
Dach,0.0
D'Amore Group,0.0
Cruickshank Group,0.0
Cruickshank Group,0.0
Cruickshank,0.0
Crooks-Schoen,0.0
Crooks-Schamberger,0.0
Crooks-Mosciski,0.0
Cronin-Breitenberg,0.0
Cronin Group,0.0
Cronin,0.0
Cronin,0.0
Crona Group,0.0
Crona,0.0
Crona,0.0
Crist-White,0.0
Crist,0.0
Cremin-Tillman,0.0
Corwin-Effertz,0.0
Corwin,0.0
Cormier-Lowe,0.0
Corkery-Heller,0.0
Corkery and Sons,0.0
Considine-Wyman,0.0
Considine-Feest,0.0
Considine Inc,0.0
Conroy-Gulgowski,0.0
Conroy Inc,0.0
Conroy,0.0
Connelly-Dach,0.0
Conn-Zemlak,0.0
Collier,0.0
Collier,0.0
Cole Group,0.0
Cole,0.0
Champlin-Mayert,0.0
Champlin-Friesen,0.0
Cassin-Simonis,0.0
Casper Inc,0.0
Cartwright and Sons,0.0
Carroll,0.0
Carroll,0.0
Bruen-Douglas,0.0
Bruen,0.0
Brown Inc,0.0
Brekke LLC,0.0
Breitenberg,0.0
Braun Inc,0.0
Brakus Inc,0.0
Brakus,0.0
Bradtke Inc,0.0
Bradtke,0.0
Boyle Inc,0.0
Boyle Group,0.0
Botsford-King,0.0
Botsford-Funk,0.0
Botsford Group,0.0
Borer-Lindgren,0.0
Borer,0.0
Borer,0.0
Bogisich-Miller,0.0
Bogisich-Brekke,0.0
Bogisich and Sons,0.0
Bogisich LLC,0.0
Bogisich,0.0
Bogan-Cronin,0.0
Bogan Group,0.0
Block Group,0.0
Blanda-West,0.0
Bernier and Sons,0.0
Bernier Group,0.0
Bernier,0.0
Bernhard-Christiansen,0.0
Bernhard-Anderson,0.0
Bergstrom-Spencer,0.0
Bergnaum Group,0.0
Berge-O'Kon,0.0
Berge and Sons,0.0
Berge,0.0
Beer-Hammes,0.0
Beer Inc,0.0
Beer,0.0
Bednar and Sons,0.0
Bechtelar and Sons,0.0
Beatty-Shanahan,0.0
Beatty-Mante,0.0
Beatty and Sons,0.0
Beahan Group,0.0
Bayer-Boehm,0.0
Bayer Inc,0.0
Bayer,0.0
Baumbach,0.0
Bauch-Howe,0.0
Bauch-Gutmann,0.0
Bauch Inc,0.0
Batz-Harvey,0.0
Bashirian-Doyle,0.0
Bartell-Dietrich,0.0
Bartell,0.0
Balistreri,0.0
Bailey Group,0.0
Bahringer-Gusikowski,0.0
Bahringer,0.0
Aufderhar and Sons,0.0
Aufderhar Inc,0.0
Armstrong-Kris,0.0
Armstrong-Borer,0.0
Armstrong and Sons,0.0
Ankunding-Davis,0.0
Ankunding-Aufderhar,0.0
Ankunding Inc,0.0
Ankunding,0.0
Anderson-Bruen,0.0
Anderson-Ankunding,0.0
Anderson and Sons,0.0
Altenwerth-Rowe,0.0
Adams Group,0.0
Abshire,0.0